id,mind,energy,nature,tactics
1,0,1,0,0
2,1,0,1,1
3,0,1,1,1
4,1,1,0,0
5,0,0,1,1
6,1,1,0,1
7,0,0,1,0
8,0,1,0,1
9,1,1,1,1
10,0,0,0,1
11,1,1,0,1
12,0,0,1,1
13,0,0,0,1
14,0,0,0,1
15,0,1,0,0
16,0,0,0,0
17,0,0,0,1
18,0,1,1,0
19,1,0,0,0
20,0,0,1,1
21,0,1,1,1
22,1,1,1,0
23,0,1,1,1
24,0,0,1,1
25,0,1,0,1
26,0,1,0,0
27,0,0,1,0
28,0,0,0,0
29,1,1,0,1
30,1,0,0,1
31,1,0,1,0
32,1,0,1,1
33,0,1,0,0
34,1,1,1,1
35,1,1,0,1
36,1,0,1,0
37,0,0,0,1
38,1,0,0,1
39,1,1,0,1
40,0,0,1,1
41,0,1,0,1
42,1,1,1,1
43,1,1,1,0
44,0,0,1,0
45,0,1,0,1
46,1,0,0,0
47,1,1,1,1
48,0,0,0,1
49,0,1,0,1
50,0,0,1,0
51,1,0,0,0
52,1,0,0,0
53,0,1,0,1
54,1,1,0,0
55,1,0,0,0
56,1,0,1,1
57,0,0,0,0
58,0,1,0,0
59,0,1,0,1
60,0,0,1,0
61,1,1,0,0
62,0,0,1,0
63,1,1,1,1
64,1,1,0,1
65,0,0,0,1
66,1,0,1,0
67,1,1,0,1
68,0,1,1,0
69,1,1,1,0
70,1,0,0,0
71,0,0,1,1
72,0,1,0,1
73,1,1,0,1
74,0,1,0,0
75,0,0,1,0
76,1,1,0,1
77,0,1,0,0
78,0,1,0,1
79,1,1,1,1
80,0,0,0,1
81,1,1,1,0
82,1,1,0,1
83,0,1,1,1
84,1,0,1,0
85,0,1,1,0
86,0,1,1,0
87,1,0,0,1
88,1,1,0,0
89,1,1,0,1
90,1,0,0,0
91,0,0,0,0
92,1,1,1,1
93,0,1,1,1
94,1,0,0,1
95,0,0,0,0
96,1,1,0,0
97,0,0,1,1
98,0,1,0,1
99,0,1,1,1
100,1,1,1,1
101,1,1,0,1
102,1,0,1,1
103,0,1,0,0
104,1,1,1,0
105,1,1,0,0
106,1,0,0,1
107,1,0,1,0
108,1,0,1,0
109,0,1,1,0
110,1,1,1,1
111,0,0,0,0
112,1,0,1,1
113,0,0,1,0
114,1,1,1,0
115,0,1,0,0
116,1,1,0,1
117,1,1,0,0
118,1,1,0,0
119,1,1,1,0
120,1,0,0,0
121,0,0,0,0
122,0,0,0,0
123,1,0,0,0
124,0,1,1,1
125,0,0,0,0
126,1,0,1,1
127,1,1,0,1
128,0,1,1,1
129,0,1,1,1
130,1,0,1,0
131,1,1,0,0
132,0,1,0,0
133,1,0,1,0
134,0,1,1,1
135,1,1,1,0
136,0,1,1,1
137,1,1,1,0
138,0,1,0,1
139,0,1,0,0
140,1,1,1,1
141,0,0,1,1
142,0,1,0,0
143,0,1,0,1
144,1,0,0,0
145,1,1,0,0
146,1,1,1,0
147,0,0,0,1
148,0,1,0,1
149,0,1,0,1
150,1,1,0,1
151,0,1,1,1
152,1,0,1,1
153,0,0,0,0
154,0,1,1,0
155,0,0,0,1
156,1,1,0,0
157,1,1,1,0
158,0,1,1,0
159,1,1,0,1
160,1,0,0,1
161,0,0,1,0
162,0,1,0,1
163,0,1,0,0
164,0,0,0,0
165,0,1,0,0
166,0,1,1,1
167,0,0,1,1
168,0,1,0,1
169,0,1,0,1
170,0,1,1,0
171,1,0,1,1
172,0,1,1,1
173,0,1,1,0
174,1,1,0,0
175,1,0,0,1
176,1,1,0,1
177,1,0,0,0
178,0,0,1,1
179,1,1,1,0
180,1,0,1,1
181,1,0,0,0
182,1,0,1,1
183,1,0,1,1
184,1,1,1,0
185,1,1,0,0
186,1,0,0,0
187,0,0,0,0
188,1,0,0,0
189,1,1,1,0
190,1,0,0,1
191,0,1,0,1
192,1,1,1,1
193,0,0,0,1
194,1,1,1,1
195,0,1,0,0
196,1,0,0,0
197,1,1,0,0
198,0,0,0,0
199,0,0,1,0
200,1,0,1,1
201,0,1,1,1
202,0,1,1,1
203,1,1,0,0
204,1,1,0,1
205,0,0,1,1
206,1,0,1,0
207,1,1,1,0
208,1,1,1,0
209,0,1,1,0
210,1,0,1,1
211,0,0,1,1
212,1,1,0,0
213,0,0,0,1
214,1,0,0,1
215,0,1,1,0
216,1,1,0,1
217,0,1,1,0
218,0,0,0,1
219,0,1,0,1
220,0,1,1,1
221,0,0,0,0
222,1,0,1,1
223,1,1,0,1
224,1,1,1,0
225,1,1,1,0
226,1,1,1,1
227,0,0,1,1
228,1,1,1,1
229,1,0,0,1
230,0,1,1,1
231,1,0,1,0
232,0,0,0,0
233,0,1,1,0
234,1,1,1,1
235,0,1,1,1
236,0,1,1,1
237,0,0,1,0
238,0,0,1,0
239,0,1,0,0
240,0,0,1,1
241,0,1,0,0
242,1,1,0,0
243,1,1,1,0
244,0,0,0,0
245,0,0,0,1
246,0,1,0,1
247,1,1,0,0
248,0,1,1,1
249,0,1,0,0
250,1,1,0,0
251,0,1,0,1
252,1,1,0,1
253,1,0,1,0
254,0,0,1,1
255,0,1,1,0
256,0,1,0,1
257,0,1,1,0
258,1,0,1,0
259,1,0,0,1
260,0,0,1,1
261,0,0,0,1
262,0,1,1,1
263,1,1,0,0
264,1,1,0,1
265,1,1,1,0
266,1,0,0,0
267,0,0,0,0
268,0,1,0,1
269,1,0,0,0
270,0,1,1,0
271,0,1,1,0
272,0,0,0,0
273,0,1,0,0
274,1,1,0,1
275,0,0,0,0
276,1,0,1,0
277,1,1,0,1
278,1,0,1,0
279,0,1,0,0
280,0,1,1,1
281,0,0,1,0
282,1,1,0,0
283,0,1,0,1
284,0,0,0,0
285,0,0,0,1
286,1,0,0,1
287,1,1,1,1
288,0,0,1,1
289,1,0,1,0
290,1,0,1,0
291,0,0,1,0
292,1,1,0,1
293,0,0,1,1
294,1,0,1,1
295,1,1,1,0
296,1,1,1,1
297,1,1,0,1
298,0,0,1,0
299,1,0,1,1
300,1,0,0,0
301,1,1,0,1
302,0,1,1,0
303,1,1,1,1
304,0,1,0,0
305,1,0,1,0
306,1,1,1,0
307,0,0,1,1
308,1,0,0,1
309,0,0,0,0
310,0,1,1,0
311,1,1,1,0
312,0,0,1,1
313,0,0,1,1
314,1,0,1,1
315,1,1,0,0
316,1,0,0,1
317,1,0,0,1
318,0,0,0,0
319,0,1,1,0
320,0,1,0,0
321,0,1,1,1
322,1,1,0,1
323,1,1,0,0
324,0,1,0,0
325,1,0,0,1
326,0,0,1,0
327,0,0,1,0
328,0,1,1,0
329,1,1,1,0
330,0,0,0,1
331,1,0,0,1
332,0,1,0,1
333,0,0,1,0
334,0,0,0,1
335,0,0,0,0
336,0,0,1,1
337,0,1,0,0
338,1,0,0,0
339,1,0,0,1
340,1,0,0,1
341,1,0,0,0
342,0,0,1,0
343,0,0,0,0
344,1,0,1,1
345,0,0,0,1
346,0,1,1,1
347,1,0,0,0
348,0,0,1,0
349,0,0,0,0
350,1,1,0,0
351,0,0,1,1
352,1,1,1,0
353,1,0,1,1
354,0,0,1,0
355,1,0,0,0
356,1,1,0,1
357,1,0,1,0
358,0,0,0,1
359,1,1,0,1
360,0,0,0,1
361,1,1,1,1
362,0,1,1,1
363,0,0,1,0
364,1,0,0,1
365,1,1,1,1
366,1,0,0,1
367,0,0,1,1
368,0,1,1,0
369,0,0,1,1
370,0,1,0,1
371,0,1,0,0
372,1,0,0,1
373,1,1,0,1
374,1,1,1,1
375,1,0,1,0
376,0,1,1,0
377,1,0,1,1
378,1,1,0,0
379,1,1,0,1
380,0,1,1,1
381,1,1,1,1
382,0,1,0,1
383,1,1,1,0
384,0,0,1,1
385,1,1,1,1
386,1,0,0,1
387,0,1,0,0
388,0,0,0,1
389,0,0,0,1
390,0,1,1,1
391,1,0,1,0
392,1,0,0,0
393,0,1,1,0
394,1,1,0,1
395,0,0,1,1
396,1,1,0,0
397,1,0,0,0
398,1,1,0,0
399,1,1,1,1
400,0,1,1,0
401,1,1,1,1
402,0,0,0,0
403,1,0,1,1
404,1,0,1,0
405,1,0,0,0
406,1,0,0,0
407,0,0,0,1
408,1,1,0,1
409,1,0,1,0
410,1,0,1,1
411,1,0,1,1
412,0,1,0,0
413,1,0,0,0
414,0,1,1,1
415,1,0,1,1
416,1,0,1,1
417,0,1,0,0
418,0,1,0,1
419,0,1,1,1
420,1,1,0,0
421,1,0,0,1
422,1,1,0,0
423,0,0,1,1
424,0,0,0,1
425,0,1,0,1
426,0,0,1,1
427,0,1,1,0
428,0,0,1,1
429,1,0,0,1
430,1,0,0,0
431,1,0,1,0
432,0,1,1,0
433,1,0,0,0
434,1,0,0,0
435,1,1,0,1
436,0,0,0,0
437,1,0,1,1
438,1,1,1,1
439,1,0,0,0
440,1,1,1,0
441,1,1,1,1
442,1,0,0,1
443,0,1,0,0
444,0,1,1,1
445,1,0,1,1
446,1,1,1,0
447,0,0,1,0
448,1,1,0,0
449,0,0,0,1
450,0,1,1,0
451,1,0,1,1
452,1,0,1,0
453,1,0,0,1
454,0,1,0,1
455,1,1,1,1
456,0,0,1,0
457,1,0,1,0
458,0,1,1,0
459,0,0,1,1
460,0,0,0,0
461,0,0,0,1
462,0,1,0,1
463,0,0,0,1
464,1,0,1,0
465,1,0,1,1
466,0,1,1,1
467,0,0,1,0
468,1,0,1,1
469,1,1,0,1
470,1,0,1,1
471,0,1,0,1
472,0,1,0,0
473,1,1,1,0
474,0,0,1,1
475,1,0,1,0
476,1,0,0,1
477,1,0,1,0
478,1,0,0,0
479,1,0,0,0
480,0,0,0,1
481,1,1,1,0
482,0,0,1,1
483,0,1,1,0
484,0,1,1,1
485,0,1,0,0
486,1,1,0,1
487,1,1,0,1
488,0,1,1,1
489,1,0,1,0
490,1,0,1,1
491,1,1,0,0
492,0,1,1,0
493,1,0,0,0
494,0,1,0,1
495,0,0,1,0
496,1,1,1,1
497,1,0,1,1
498,1,0,0,1
499,0,0,0,0
500,0,0,1,0
501,1,0,0,1
502,1,0,1,1
503,0,0,1,1
504,0,1,0,0
505,1,0,1,1
506,0,1,0,0
507,0,0,1,0
508,0,0,0,0
509,1,0,0,1
510,0,1,0,0
511,0,0,1,0
512,1,0,0,0
513,1,1,1,0
514,1,0,0,1
515,1,0,1,1
516,1,0,0,0
517,1,0,1,1
518,1,0,0,0
519,1,0,0,1
520,1,1,0,0
521,0,0,0,0
522,1,0,1,0
523,1,0,0,1
524,0,0,1,0
525,0,1,0,0
526,1,1,0,1
527,1,1,1,0
528,0,1,0,1
529,0,1,1,1
530,1,1,1,1
531,1,0,0,1
532,0,1,1,0
533,0,0,0,0
534,1,0,1,0
535,0,1,1,1
536,0,1,1,1
537,1,0,1,1
538,1,0,1,1
539,1,1,0,1
540,1,0,0,1
541,0,0,0,1
542,1,1,1,1
543,1,0,1,0
544,1,0,1,0
545,0,0,1,1
546,0,0,0,0
547,1,1,1,0
548,0,0,1,0
549,0,0,0,1
550,1,1,1,1
551,0,0,0,0
552,1,1,0,0
553,1,1,0,0
554,0,1,1,1
555,1,0,1,1
556,0,1,1,1
557,0,0,1,0
558,1,0,1,0
559,0,1,0,1
560,0,0,0,0
561,1,0,1,1
562,1,0,0,1
563,1,1,1,1
564,0,0,1,0
565,0,0,0,0
566,1,0,0,0
567,0,0,1,0
568,0,1,0,0
569,1,1,1,1
570,1,0,1,0
571,0,1,0,1
572,0,0,0,1
573,1,1,1,0
574,1,0,1,1
575,0,1,1,1
576,0,1,0,0
577,1,0,1,1
578,1,1,0,0
579,1,0,1,0
580,1,0,1,0
581,0,1,1,0
582,0,1,1,0
583,1,1,0,1
584,0,0,1,1
585,0,1,1,0
586,1,1,0,0
587,0,1,0,1
588,1,0,0,1
589,0,0,1,0
590,0,1,0,0
591,0,0,1,1
592,0,1,0,1
593,0,0,1,1
594,1,0,1,0
595,1,1,1,1
596,1,0,0,0
597,1,0,0,0
598,0,1,1,1
599,0,1,1,1
600,1,1,0,0
601,0,0,1,0
602,0,1,0,0
603,1,1,1,1
604,1,1,0,1
605,1,0,0,0
606,0,1,1,0
607,0,1,1,0
608,1,1,0,1
609,0,1,1,0
610,1,0,1,0
611,1,1,0,1
612,0,0,1,0
613,1,1,1,0
614,0,0,1,1
615,0,1,0,1
616,0,1,1,1
617,0,1,0,0
618,0,0,0,0
619,1,1,0,0
620,1,0,0,0
621,0,1,1,0
622,1,0,0,0
623,0,0,1,0
624,1,1,1,0
625,0,1,0,0
626,1,1,0,1
627,1,0,1,0
628,1,0,1,0
629,1,1,0,0
630,0,0,0,1
631,0,1,1,1
632,1,1,1,1
633,0,1,1,0
634,1,0,1,1
635,0,0,0,0
636,0,0,1,1
637,1,0,1,0
638,0,0,1,1
639,0,1,0,1
640,1,0,1,0
641,1,1,0,0
642,1,0,0,0
643,1,0,1,0
644,1,0,1,0
645,1,0,1,0
646,0,1,0,0
647,1,1,1,0
648,0,0,0,1
649,0,0,1,1
650,1,1,1,0
651,1,0,0,0
652,1,1,1,1
653,0,1,1,1
654,1,1,1,0
655,0,1,1,0
656,0,1,0,1
657,1,0,1,1
658,0,1,0,0
659,1,1,1,1
660,0,1,0,1
661,0,1,0,1
662,1,1,1,0
663,1,0,0,0
664,0,1,1,0
665,1,1,1,0
666,1,0,1,0
667,0,1,1,1
668,0,1,0,1
669,0,0,1,1
670,1,1,1,1
671,0,0,1,1
672,0,1,1,1
673,0,0,1,0
674,1,0,0,0
675,0,1,1,0
676,1,1,1,0
677,0,1,1,1
678,1,1,1,0
679,1,1,1,1
680,1,1,0,1
681,0,0,0,0
682,0,1,1,1
683,1,1,0,1
684,0,1,0,1
685,1,0,1,0
686,1,1,1,1
687,0,0,1,0
688,0,0,0,0
689,0,0,0,0
690,1,0,1,1
691,1,1,1,1
692,1,0,0,0
693,1,0,1,1
694,0,1,0,0
695,1,0,0,0
696,0,0,1,1
697,1,0,0,0
698,1,1,1,1
699,0,1,1,0
700,0,0,0,0
701,1,0,0,1
702,1,1,1,0
703,0,0,1,0
704,1,1,1,1
705,1,0,1,1
706,1,1,0,0
707,1,0,0,0
708,1,0,1,1
709,0,1,1,0
710,1,1,0,1
711,0,1,1,1
712,0,1,1,1
713,0,0,1,0
714,1,1,0,1
715,0,0,0,0
716,0,0,0,0
717,1,1,1,1
718,1,0,0,0
719,1,0,0,0
720,0,1,0,0
721,0,1,0,1
722,1,1,0,0
723,0,1,1,1
724,1,1,0,0
725,0,1,1,0
726,0,1,0,0
727,0,1,0,0
728,1,1,1,0
729,0,0,1,1
730,1,0,1,0
731,0,0,1,1
732,0,0,1,0
733,1,1,1,1
734,1,1,0,1
735,1,0,1,1
736,0,1,1,0
737,0,1,1,0
738,1,0,1,0
739,0,0,0,1
740,1,0,0,0
741,1,1,0,1
742,1,1,0,0
743,0,0,1,0
744,0,1,0,1
745,0,0,0,1
746,0,0,1,0
747,0,0,0,1
748,1,0,0,0
749,0,0,0,1
750,1,0,1,0
751,1,0,1,1
752,1,0,1,1
753,1,0,1,0
754,0,0,1,0
755,1,0,1,1
756,0,0,0,1
757,1,1,0,0
758,0,0,0,0
759,0,0,1,0
760,0,1,0,0
761,1,1,1,1
762,0,0,1,1
763,0,0,0,1
764,0,0,0,1
765,0,0,0,0
766,0,1,1,1
767,1,0,0,0
768,1,1,1,0
769,1,0,0,1
770,1,1,1,1
771,1,0,1,0
772,1,1,1,0
773,1,0,0,1
774,0,1,0,1
775,1,1,1,0
776,1,1,0,0
777,1,1,1,0
778,0,0,0,0
779,0,1,0,1
780,0,1,0,1
781,0,0,1,0
782,0,0,1,0
783,0,0,1,0
784,1,1,0,1
785,1,0,0,1
786,1,0,0,0
787,1,1,1,0
788,0,1,1,1
789,1,0,0,1
790,1,1,0,0
791,1,1,1,1
792,0,0,1,1
793,0,1,1,0
794,1,0,0,0
795,0,0,0,0
796,1,1,1,0
797,0,0,0,1
798,0,1,1,1
799,1,0,0,1
800,0,1,1,0
801,1,0,0,1
802,1,0,0,0
803,1,1,0,0
804,1,1,1,0
805,1,1,0,1
806,0,1,0,0
807,1,1,0,0
808,1,1,1,0
809,1,1,0,1
810,1,0,0,0
811,0,1,1,0
812,0,1,1,1
813,1,1,0,0
814,0,0,0,0
815,1,1,0,0
816,1,0,1,0
817,0,1,1,0
818,1,1,1,0
819,0,1,0,0
820,1,1,0,1
821,0,0,0,0
822,0,0,0,1
823,0,0,1,0
824,1,0,1,1
825,0,0,1,0
826,0,0,0,1
827,1,0,0,1
828,0,1,0,1
829,0,0,0,0
830,0,0,0,1
831,0,1,1,1
832,1,0,0,1
833,1,1,1,0
834,0,0,1,0
835,0,0,0,1
836,0,0,1,0
837,0,1,0,1
838,0,1,0,0
839,0,1,1,0
840,0,1,0,1
841,0,1,1,1
842,1,1,1,0
843,0,0,0,0
844,0,1,0,0
845,1,0,0,0
846,1,1,1,1
847,0,0,1,1
848,1,1,1,0
849,1,0,0,0
850,1,0,1,1
851,1,0,0,1
852,1,1,1,1
853,1,1,0,1
854,1,1,0,1
855,1,1,1,1
856,0,0,1,0
857,1,1,1,1
858,1,1,1,1
859,1,1,0,0
860,1,1,0,0
861,1,1,1,1
862,0,0,0,1
863,1,1,0,0
864,0,0,0,1
865,1,0,1,0
866,1,0,1,1
867,1,1,1,0
868,1,1,1,0
869,1,0,1,1
870,0,1,0,1
871,0,0,1,0
872,1,1,0,0
873,0,0,0,1
874,1,0,1,1
875,0,0,0,0
876,1,1,1,1
877,1,1,0,0
878,1,0,1,1
879,0,0,1,0
880,1,0,0,0
881,1,1,0,0
882,0,0,0,1
883,0,0,0,0
884,1,0,0,0
885,1,0,1,1
886,0,0,1,1
887,0,0,0,0
888,0,1,0,0
889,1,0,1,0
890,0,1,1,1
891,1,0,0,0
892,0,0,1,1
893,0,1,1,1
894,1,0,1,1
895,0,0,0,0
896,0,0,0,0
897,1,1,1,1
898,1,0,0,1
899,0,0,0,1
900,1,0,1,1
901,1,0,0,0
902,1,0,0,0
903,1,1,0,1
904,0,0,0,0
905,0,1,1,0
906,1,0,0,1
907,0,0,1,0
908,1,1,1,1
909,0,0,0,1
910,0,0,0,1
911,0,0,1,0
912,1,0,0,0
913,0,0,1,1
914,1,1,1,1
915,1,0,0,0
916,0,0,1,1
917,0,0,1,0
918,0,0,1,0
919,1,1,1,1
920,0,1,0,1
921,1,0,0,0
922,0,0,0,1
923,0,0,0,1
924,1,0,0,0
925,1,1,0,0
926,1,0,0,1
927,1,1,1,0
928,1,1,0,0
929,1,1,1,1
930,0,0,1,1
931,0,1,1,0
932,1,1,1,0
933,0,0,1,0
934,1,1,0,0
935,0,0,0,0
936,1,1,1,1
937,0,1,1,1
938,1,1,1,0
939,1,1,1,0
940,0,1,0,1
941,1,1,0,0
942,1,0,1,0
943,0,1,1,0
944,1,0,0,1
945,1,1,0,0
946,1,1,1,0
947,1,1,0,1
948,0,1,1,0
949,0,0,0,0
950,1,0,1,0
951,0,0,0,1
952,1,0,1,1
953,1,0,1,0
954,1,0,1,0
955,0,0,1,1
956,1,1,0,0
957,0,1,1,1
958,1,1,0,1
959,1,0,0,1
960,1,0,0,0
961,0,0,0,1
962,0,1,0,0
963,1,1,0,1
964,0,0,1,0
965,1,1,1,1
966,1,1,0,0
967,1,1,1,0
968,0,0,1,1
969,1,1,0,1
970,0,1,0,0
971,0,1,1,1
972,1,1,1,1
973,0,0,0,0
974,1,1,1,0
975,1,0,1,1
976,1,0,1,0
977,0,0,0,0
978,1,1,0,1
979,0,1,0,1
980,1,1,0,1
981,1,0,1,1
982,1,0,1,0
983,1,1,1,1
984,0,0,0,0
985,1,1,0,1
986,0,1,1,1
987,1,0,0,0
988,1,0,1,0
989,0,1,1,1
990,0,0,0,0
991,1,0,1,1
992,0,0,1,1
993,1,0,1,0
994,0,0,0,1
995,0,0,0,0
996,0,0,1,1
997,1,0,0,0
998,0,1,1,0
999,1,1,0,0
1000,0,1,0,1
1001,0,0,0,0
1002,0,0,1,1
1003,0,0,0,1
1004,1,0,0,1
1005,0,1,0,1
1006,0,0,0,0
1007,1,0,1,0
1008,1,1,0,0
1009,1,0,1,1
1010,0,1,0,1
1011,0,1,1,0
1012,0,0,1,0
1013,1,0,0,1
1014,0,1,0,0
1015,1,0,0,0
1016,0,1,0,0
1017,1,1,1,0
1018,0,1,0,1
1019,0,1,0,1
1020,1,0,0,0
1021,1,1,0,1
1022,1,1,1,1
1023,1,1,0,1
1024,0,1,1,1
1025,1,1,1,0
1026,0,0,0,0
1027,0,0,1,1
1028,0,0,0,1
1029,0,0,1,1
1030,1,1,0,1
1031,0,1,1,1
1032,1,1,0,1
1033,1,1,0,0
1034,0,0,0,1
1035,0,1,0,0
1036,0,0,1,1
1037,1,0,1,0
1038,0,0,1,0
1039,1,0,1,0
1040,1,0,1,0
1041,0,1,1,1
1042,1,1,0,0
1043,0,0,0,1
1044,1,1,1,1
1045,1,0,1,0
1046,0,1,1,1
1047,1,0,0,0
1048,1,0,1,1
1049,1,0,1,0
1050,0,0,0,1
1051,0,1,1,0
1052,0,1,0,1
1053,0,0,1,1
1054,0,0,0,1
1055,1,0,1,0
1056,1,0,0,0
1057,1,0,0,0
1058,0,1,0,1
1059,1,0,0,1
1060,0,0,1,1
1061,0,1,0,1
1062,1,0,0,0
1063,1,0,0,0
1064,0,1,1,1
1065,0,0,0,1
1066,1,0,0,0
1067,0,1,1,0
1068,0,0,1,0
1069,1,1,0,1
1070,0,0,0,0
1071,0,1,1,0
1072,1,1,0,0
1073,1,1,0,1
1074,0,1,0,1
1075,1,1,1,0
1076,1,1,1,0
1077,1,0,1,1
1078,1,1,1,0
1079,1,1,1,1
1080,1,1,1,0
1081,1,1,0,0
1082,0,1,0,0
1083,1,1,0,1
1084,0,0,1,0
1085,0,1,0,1
1086,1,1,1,1
1087,0,1,0,0
1088,1,0,0,0
1089,0,1,1,1
1090,1,1,0,1
1091,0,0,0,1
1092,0,1,0,0
1093,0,0,1,0
1094,0,0,0,1
1095,0,1,0,0
1096,1,0,1,1
1097,1,1,0,0
1098,1,1,0,1
1099,0,1,1,1
1100,0,1,1,1
1101,0,1,0,0
1102,0,1,0,0
1103,1,1,1,0
1104,0,0,1,0
1105,1,0,1,0
1106,0,1,0,0
1107,0,0,0,1
1108,0,1,0,1
1109,1,1,0,1
1110,0,0,1,1
1111,1,0,0,1
1112,0,0,0,0
1113,0,1,0,0
1114,1,0,0,1
1115,1,1,0,1
1116,0,0,1,0
1117,0,0,1,0
1118,0,1,0,1
1119,1,1,1,1
1120,1,1,0,1
1121,0,1,0,0
1122,1,1,0,0
1123,0,0,1,1
1124,0,1,0,0
1125,1,1,0,1
1126,1,0,0,1
1127,0,1,0,0
1128,1,0,0,0
1129,0,1,1,0
1130,0,1,1,0
1131,0,1,0,1
1132,0,1,0,1
1133,0,0,0,0
1134,1,0,0,1
1135,0,1,0,0
1136,0,1,0,1
1137,0,0,0,1
1138,1,0,0,1
1139,1,0,1,0
1140,1,1,0,1
1141,0,1,0,0
1142,1,1,1,1
1143,1,0,1,0
1144,1,1,1,1
1145,0,1,1,0
1146,1,0,0,1
1147,1,1,0,0
1148,1,1,1,0
1149,1,1,1,0
1150,1,1,0,1
1151,1,1,1,0
1152,1,0,1,0
1153,1,1,0,0
1154,0,0,0,1
1155,1,1,1,1
1156,0,0,1,1
1157,1,0,0,0
1158,1,0,1,0
1159,0,1,1,1
1160,0,1,0,0
1161,1,1,0,1
1162,1,0,1,0
1163,1,0,0,0
1164,0,0,1,1
1165,1,0,0,0
1166,1,0,0,1
1167,1,1,0,0
1168,0,0,1,0
1169,0,1,0,0
1170,1,1,1,0
1171,1,1,1,0
1172,0,0,1,1
1173,0,0,0,0
1174,0,0,0,0
1175,0,1,0,0
1176,1,1,0,1
1177,1,0,0,1
1178,1,0,1,1
1179,1,0,1,1
1180,1,0,1,1
1181,0,0,1,1
1182,1,1,1,1
1183,1,0,0,1
1184,1,0,1,0
1185,1,0,0,1
1186,0,1,0,0
1187,0,1,1,0
1188,1,1,0,1
1189,1,0,1,0
1190,1,0,1,1
1191,1,1,0,1
1192,0,0,1,0
1193,0,1,1,0
1194,0,1,1,0
1195,1,1,1,0
1196,0,0,1,1
1197,0,1,1,0
1198,1,0,0,1
1199,1,0,1,1
1200,0,1,0,1
1201,1,1,0,0
1202,1,0,1,1
1203,0,0,1,0
1204,1,0,1,1
1205,0,1,1,0
1206,1,0,1,1
1207,0,0,0,1
1208,0,0,1,1
1209,1,0,0,0
1210,1,0,0,0
1211,1,1,1,0
1212,0,1,0,1
1213,1,1,0,1
1214,1,1,0,0
1215,1,0,1,1
1216,1,0,1,0
1217,1,1,0,1
1218,0,1,0,1
1219,0,1,1,0
1220,1,1,1,1
1221,0,0,1,0
1222,0,0,1,1
1223,1,0,0,1
1224,1,0,1,0
1225,1,1,0,1
1226,0,1,0,0
1227,0,0,1,1
1228,1,1,1,1
1229,1,0,1,0
1230,1,1,0,0
1231,1,0,1,0
1232,0,1,1,1
1233,1,1,1,1
1234,1,1,1,1
1235,0,0,1,0
1236,0,0,0,1
1237,1,1,1,1
1238,0,1,1,0
1239,0,1,0,1
1240,1,0,1,1
1241,0,1,1,0
1242,1,0,0,0
1243,1,1,0,1
1244,1,0,0,1
1245,1,0,0,1
1246,1,1,0,0
1247,0,1,0,0
1248,0,1,1,1
1249,0,0,0,1
1250,1,0,1,1
1251,1,0,0,0
1252,0,1,0,1
1253,1,1,0,0
1254,1,0,0,0
1255,1,1,1,1
1256,0,1,1,1
1257,0,0,1,0
1258,1,1,0,0
1259,0,0,0,1
1260,0,1,1,0
1261,1,0,1,1
1262,0,1,0,0
1263,0,0,0,0
1264,0,0,1,0
1265,1,1,1,1
1266,0,1,1,0
1267,1,1,0,1
1268,0,1,1,0
1269,0,1,1,1
1270,1,0,1,0
1271,0,1,0,1
1272,1,1,1,0
1273,0,1,1,1
1274,0,0,0,1
1275,0,1,0,1
1276,1,1,1,1
1277,0,0,0,1
1278,1,1,1,0
1279,1,0,0,1
1280,0,0,1,0
1281,0,1,1,1
1282,1,0,0,0
1283,0,1,1,1
1284,1,0,1,0
1285,1,0,0,0
1286,0,1,1,0
1287,1,1,0,1
1288,0,1,1,0
1289,0,0,1,1
1290,0,0,0,0
1291,0,0,0,0
1292,0,0,1,0
1293,1,0,1,0
1294,0,1,1,1
1295,1,0,0,1
1296,0,1,0,1
1297,1,0,0,0
1298,0,1,1,0
1299,1,0,1,1
1300,0,0,1,0
1301,0,1,1,1
1302,0,1,1,0
1303,0,0,0,1
1304,0,0,1,1
1305,0,0,1,0
1306,1,1,1,1
1307,0,1,0,1
1308,1,1,0,1
1309,1,1,0,0
1310,1,1,0,0
1311,1,0,1,1
1312,1,0,0,1
1313,1,0,0,0
1314,1,1,1,0
1315,1,1,0,1
1316,1,0,0,1
1317,1,0,0,1
1318,0,1,0,1
1319,1,0,0,1
1320,0,1,1,1
1321,0,0,1,1
1322,1,0,1,0
1323,1,1,1,0
1324,0,0,1,1
1325,1,1,0,1
1326,1,0,0,0
1327,0,1,0,0
1328,1,0,0,0
1329,1,1,0,1
1330,1,1,0,0
1331,0,1,1,1
1332,1,0,1,0
1333,1,1,1,1
1334,1,0,0,1
1335,0,1,0,1
1336,1,1,0,1
1337,1,0,1,0
1338,0,1,0,0
1339,1,1,0,1
1340,0,0,0,1
1341,0,1,1,0
1342,1,0,0,0
1343,0,0,1,0
1344,0,1,1,1
1345,1,1,0,0
1346,1,1,1,0
1347,0,1,1,0
1348,1,1,1,1
1349,0,0,0,1
1350,0,1,1,0
1351,1,1,1,1
1352,1,1,1,1
1353,1,0,0,1
1354,1,0,0,0
1355,1,1,1,1
1356,1,1,1,1
1357,0,1,1,1
1358,0,0,1,1
1359,1,1,1,0
1360,1,0,1,1
1361,0,1,1,0
1362,1,0,1,1
1363,0,1,0,1
1364,0,1,0,0
1365,0,1,0,0
1366,0,0,1,0
1367,1,0,1,1
1368,1,1,0,1
1369,1,1,0,1
1370,0,1,1,1
1371,0,0,0,0
1372,1,1,0,0
1373,1,0,1,0
1374,1,0,1,1
1375,1,1,1,1
1376,1,0,0,0
1377,1,0,0,1
1378,0,0,1,1
1379,1,1,1,0
1380,0,0,1,1
1381,1,0,0,1
1382,1,1,0,0
1383,0,0,0,1
1384,1,0,0,1
1385,0,1,1,0
1386,1,0,0,1
1387,1,1,1,0
1388,0,0,1,0
1389,0,1,1,1
1390,1,1,0,1
1391,1,0,1,1
1392,1,1,1,1
1393,1,1,0,0
1394,0,1,0,1
1395,1,0,1,0
1396,1,1,0,1
1397,0,0,1,0
1398,0,0,0,0
1399,0,1,0,0
1400,1,1,0,1
1401,1,0,0,1
1402,1,1,1,0
1403,0,1,0,0
1404,1,1,1,1
1405,1,1,1,0
1406,0,1,1,0
1407,1,0,1,0
1408,1,1,1,0
1409,0,1,1,1
1410,0,0,0,0
1411,1,0,1,0
1412,0,1,0,1
1413,0,0,0,0
1414,1,0,0,1
1415,0,0,1,0
1416,0,0,1,1
1417,0,0,0,1
1418,1,0,0,1
1419,1,0,0,1
1420,0,0,0,0
1421,1,1,1,0
1422,0,0,0,1
1423,1,0,0,1
1424,1,0,0,0
1425,0,1,0,1
1426,1,1,0,0
1427,1,0,0,1
1428,0,0,1,0
1429,0,0,0,0
1430,0,0,1,1
1431,0,0,0,0
1432,0,1,0,1
1433,0,1,0,1
1434,1,1,0,0
1435,0,0,1,1
1436,1,0,0,0
1437,1,0,0,1
1438,1,0,0,0
1439,0,1,0,0
1440,0,0,0,0
1441,1,0,0,1
1442,1,0,0,1
1443,1,0,0,1
1444,0,0,0,1
1445,1,1,0,1
1446,0,1,0,1
1447,1,1,0,0
1448,1,1,1,1
1449,0,1,1,1
1450,0,0,0,0
1451,0,1,0,0
1452,0,1,0,1
1453,0,1,0,1
1454,0,1,1,0
1455,0,1,1,0
1456,1,0,0,0
1457,1,0,0,1
1458,0,0,1,0
1459,0,1,1,1
1460,1,1,1,1
1461,0,1,0,0
1462,1,1,1,0
1463,0,0,1,1
1464,0,0,1,0
1465,1,0,1,1
1466,1,0,0,0
1467,1,0,0,0
1468,0,1,1,1
1469,1,1,0,1
1470,1,0,1,0
1471,0,0,0,1
1472,1,1,1,0
1473,1,1,0,0
1474,1,1,1,0
1475,0,1,0,1
1476,0,0,1,1
1477,0,0,1,1
1478,1,0,0,0
1479,0,1,1,1
1480,1,1,0,1
1481,0,1,1,1
1482,1,1,1,1
1483,1,1,1,1
1484,0,1,1,1
1485,1,0,0,1
1486,1,1,1,0
1487,0,1,0,0
1488,1,1,0,0
1489,1,0,0,0
1490,0,1,0,1
1491,0,0,0,1
1492,0,1,0,0
1493,0,0,0,1
1494,1,1,0,1
1495,1,0,1,0
1496,0,0,1,0
1497,1,0,1,1
1498,1,1,1,1
1499,1,1,1,1
1500,1,0,0,0
1501,1,0,0,0
1502,1,0,0,1
1503,0,0,1,1
1504,0,0,0,0
1505,0,0,1,1
1506,1,0,1,0
1507,0,0,1,0
1508,0,0,0,0
1509,0,1,0,1
1510,0,0,0,0
1511,0,1,0,0
1512,0,0,1,0
1513,1,1,0,1
1514,0,1,1,1
1515,0,1,1,0
1516,0,1,0,1
1517,1,1,0,1
1518,0,1,1,0
1519,0,0,1,1
1520,1,0,1,1
1521,1,1,0,0
1522,0,0,1,1
1523,0,0,0,1
1524,1,1,0,1
1525,0,0,0,0
1526,1,1,1,0
1527,0,0,1,1
1528,0,0,1,1
1529,0,0,1,1
1530,0,1,1,1
1531,0,0,0,1
1532,0,1,1,0
1533,1,1,1,1
1534,0,1,1,1
1535,0,1,1,1
1536,0,1,1,1
1537,0,0,0,1
1538,0,1,1,0
1539,1,0,0,1
1540,1,0,0,1
1541,0,1,1,1
1542,1,0,1,0
1543,0,1,1,1
1544,0,1,0,0
1545,1,0,1,0
1546,0,0,1,1
1547,0,1,1,1
1548,1,0,1,0
1549,1,1,1,0
1550,1,1,1,1
1551,1,1,1,1
1552,0,1,0,0
1553,1,0,0,0
1554,1,0,1,0
1555,1,0,1,0
1556,1,0,0,1
1557,1,0,0,0
1558,1,1,1,1
1559,1,1,0,0
1560,1,1,1,1
1561,0,1,1,1
1562,1,0,1,0
1563,0,0,0,1
1564,0,0,0,1
1565,1,0,1,0
1566,1,0,0,1
1567,0,0,0,1
1568,1,0,1,1
1569,0,0,0,1
1570,1,1,1,0
1571,1,0,0,0
1572,0,0,0,1
1573,0,0,0,1
1574,1,0,0,0
1575,0,0,1,0
1576,1,1,0,1
1577,1,0,0,0
1578,1,1,0,0
1579,1,0,1,1
1580,0,0,1,1
1581,1,0,0,1
1582,0,0,0,0
1583,1,1,1,0
1584,1,1,0,0
1585,1,0,0,0
1586,1,1,1,1
1587,0,0,0,0
1588,1,0,1,1
1589,0,1,1,1
1590,0,0,1,1
1591,1,1,1,1
1592,0,0,1,1
1593,1,0,1,0
1594,1,0,0,1
1595,0,1,1,0
1596,1,0,0,0
1597,0,0,1,0
1598,0,1,0,1
1599,1,1,1,1
1600,1,0,0,1
1601,0,0,1,0
1602,0,1,1,0
1603,0,0,1,0
1604,0,0,0,1
1605,0,0,0,1
1606,0,0,1,0
1607,0,1,1,0
1608,0,0,1,1
1609,1,0,1,1
1610,1,1,0,0
1611,1,1,1,0
1612,0,0,0,1
1613,1,0,0,0
1614,0,1,0,1
1615,0,1,0,1
1616,0,0,0,0
1617,1,1,1,0
1618,1,0,1,0
1619,1,1,0,0
1620,1,1,0,0
1621,0,1,1,1
1622,0,0,1,1
1623,0,1,1,1
1624,1,1,0,1
1625,0,1,1,1
1626,0,1,0,1
1627,1,0,1,0
1628,0,1,1,1
1629,0,0,1,0
1630,1,0,0,1
1631,1,0,0,1
1632,1,1,0,0
1633,0,0,0,0
1634,1,0,1,1
1635,1,1,1,0
1636,1,0,0,1
1637,0,1,1,1
1638,0,1,0,1
1639,0,0,0,0
1640,1,1,0,0
1641,0,1,0,1
1642,1,0,0,1
1643,0,0,0,0
1644,1,1,1,1
1645,1,1,1,0
1646,1,1,1,0
1647,1,1,0,1
1648,1,1,1,1
1649,1,0,0,0
1650,0,0,0,1
1651,1,0,1,1
1652,0,1,0,1
1653,1,1,1,0
1654,0,1,1,1
1655,0,0,1,1
1656,0,0,0,0
1657,0,0,0,1
1658,0,1,1,1
1659,0,0,1,1
1660,1,0,1,0
1661,1,0,0,1
1662,0,1,1,0
1663,1,1,1,1
1664,0,1,0,1
1665,0,1,1,1
1666,1,1,1,0
1667,0,0,0,0
1668,1,0,0,0
1669,1,1,1,1
1670,0,0,1,1
1671,0,1,1,1
1672,1,0,1,0
1673,1,0,0,1
1674,0,1,1,0
1675,1,1,0,0
1676,1,0,1,1
1677,0,1,0,1
1678,1,1,1,0
1679,1,1,0,0
1680,0,1,1,1
1681,0,1,0,1
1682,1,0,0,0
1683,1,0,0,1
1684,0,0,1,1
1685,1,1,1,0
1686,1,0,1,0
1687,0,1,1,1
1688,0,0,1,0
1689,0,0,1,0
1690,1,1,1,0
1691,0,0,0,0
1692,0,1,1,0
1693,1,1,1,0
1694,0,1,1,1
1695,0,1,1,1
1696,1,1,0,1
1697,1,1,1,1
1698,1,0,1,0
1699,0,0,1,0
1700,1,0,0,1
1701,1,0,1,0
1702,1,1,0,1
1703,0,1,0,0
1704,1,0,0,0
1705,0,0,1,1
1706,0,1,1,1
1707,1,1,0,1
1708,0,1,1,1
1709,1,1,1,1
1710,0,1,0,0
1711,0,0,1,1
1712,0,1,1,1
1713,0,0,0,0
1714,0,1,1,0
1715,1,0,1,0
1716,0,0,0,0
1717,1,1,1,0
1718,0,1,0,1
1719,0,0,1,1
1720,0,1,0,0
1721,1,1,1,1
1722,0,1,0,1
1723,0,0,0,1
1724,1,1,0,0
1725,1,1,1,0
1726,1,1,1,1
1727,0,1,0,0
1728,0,1,1,0
1729,0,0,0,0
1730,1,1,1,0
1731,1,0,1,1
1732,1,1,1,1
1733,0,0,1,1
1734,0,0,0,1
1735,0,1,1,0
1736,1,1,1,0
1737,1,1,0,0
1738,0,1,1,0
1739,1,0,0,1
1740,1,1,1,1
1741,0,1,0,0
1742,0,1,1,1
1743,0,0,0,1
1744,1,1,0,0
1745,0,1,1,0
1746,0,1,1,1
1747,0,0,0,1
1748,1,1,0,0
1749,0,1,1,1
1750,1,0,1,1
1751,0,1,1,0
1752,0,0,1,0
1753,0,1,0,0
1754,1,1,1,1
1755,0,0,0,0
1756,1,0,0,0
1757,0,0,0,0
1758,1,0,1,0
1759,1,0,0,0
1760,1,0,0,1
1761,0,1,1,1
1762,0,0,0,0
1763,0,1,1,1
1764,0,0,1,0
1765,0,1,0,1
1766,1,0,1,1
1767,1,1,1,1
1768,1,0,0,0
1769,0,0,0,1
1770,0,1,1,0
1771,1,1,0,1
1772,0,0,0,0
1773,1,0,0,0
1774,0,0,1,1
1775,1,1,1,0
1776,0,1,1,0
1777,1,1,1,0
1778,0,0,1,0
1779,1,0,0,0
1780,0,0,0,0
1781,1,1,1,1
1782,1,1,1,1
1783,1,0,1,0
1784,0,0,0,1
1785,0,1,1,1
1786,1,0,0,1
1787,1,0,0,0
1788,1,0,1,1
1789,0,1,1,0
1790,0,0,0,1
1791,0,0,1,1
1792,0,1,1,1
1793,1,0,1,1
1794,0,0,0,0
1795,0,0,1,1
1796,1,0,1,1
1797,0,1,0,0
1798,0,0,0,1
1799,1,1,0,1
1800,1,1,1,1
1801,1,0,1,1
1802,0,0,0,0
1803,1,0,1,1
1804,1,1,1,1
1805,0,0,0,1
1806,1,0,1,1
1807,0,1,1,0
1808,1,1,0,1
1809,1,0,0,0
1810,0,1,0,1
1811,1,1,1,0
1812,1,1,1,1
1813,0,0,1,0
1814,0,0,0,1
1815,0,1,1,1
1816,1,0,1,0
1817,1,1,1,1
1818,0,0,0,1
1819,1,1,0,0
1820,0,0,0,1
1821,1,1,1,0
1822,0,0,1,1
1823,1,0,1,1
1824,1,1,0,0
1825,0,0,1,1
1826,1,1,0,1
1827,1,0,1,0
1828,1,0,1,0
1829,0,0,0,1
1830,1,1,0,0
1831,1,0,1,0
1832,0,1,1,1
1833,1,0,1,0
1834,0,0,1,0
1835,0,0,1,1
1836,0,1,0,0
1837,0,1,1,1
1838,0,0,0,0
1839,0,0,0,0
1840,0,1,0,1
1841,1,0,1,1
1842,0,1,1,0
1843,1,1,0,1
1844,1,1,0,0
1845,0,0,0,1
1846,1,0,1,1
1847,1,1,0,1
1848,1,1,0,1
1849,1,0,1,0
1850,0,1,0,0
1851,1,0,1,0
1852,1,1,1,1
1853,0,1,0,0
1854,1,0,0,0
1855,0,1,0,0
1856,0,1,0,1
1857,0,0,0,0
1858,1,1,1,0
1859,1,1,1,1
1860,1,1,0,0
1861,0,1,1,0
1862,1,1,1,1
1863,1,0,0,1
1864,1,1,0,0
1865,0,0,0,1
1866,1,0,0,0
1867,1,1,1,0
1868,0,1,0,0
1869,0,1,1,0
1870,0,1,0,0
1871,0,0,0,1
1872,0,0,1,1
1873,1,0,1,0
1874,1,1,1,1
1875,0,1,0,1
1876,0,0,0,1
1877,1,0,0,1
1878,1,0,1,0
1879,1,0,1,1
1880,0,1,1,0
1881,0,1,1,0
1882,0,1,0,1
1883,0,1,0,0
1884,1,1,1,1
1885,0,1,1,1
1886,1,0,0,0
1887,1,1,1,0
1888,0,0,0,0
1889,1,1,1,0
1890,1,1,1,1
1891,0,0,1,0
1892,0,1,0,0
1893,0,0,1,1
1894,1,0,0,1
1895,1,1,1,0
1896,1,0,1,0
1897,1,1,1,1
1898,0,1,0,1
1899,0,0,1,0
1900,0,1,0,1
1901,0,0,0,1
1902,0,1,0,1
1903,1,1,0,1
1904,0,1,1,1
1905,0,0,0,0
1906,1,1,0,1
1907,1,0,0,0
1908,1,0,1,1
1909,1,1,1,0
1910,1,0,1,0
1911,1,0,1,0
1912,0,0,0,0
1913,1,1,1,1
1914,0,0,1,0
1915,0,0,0,0
1916,0,0,0,0
1917,0,1,1,1
1918,0,0,0,1
1919,1,1,0,0
1920,0,0,0,0
1921,0,0,0,0
1922,0,1,0,1
1923,1,0,1,1
1924,0,0,0,1
1925,1,0,0,0
1926,1,1,0,1
1927,1,0,0,1
1928,1,1,0,0
1929,0,1,0,1
1930,1,1,0,0
1931,0,1,1,1
1932,1,1,0,0
1933,0,1,0,1
1934,1,0,1,1
1935,1,1,1,0
1936,0,0,0,0
1937,1,0,0,0
1938,0,0,1,0
1939,0,1,1,1
1940,1,1,0,0
1941,0,1,1,1
1942,1,0,1,0
1943,1,1,0,0
1944,0,1,1,1
1945,0,0,0,1
1946,1,1,0,0
1947,1,1,0,0
1948,1,1,0,1
1949,0,0,0,1
1950,0,0,0,0
1951,1,1,1,0
1952,1,1,0,1
1953,0,1,1,1
1954,1,0,0,1
1955,1,0,1,1
1956,1,0,0,1
1957,0,0,1,1
1958,0,1,0,1
1959,0,1,1,0
1960,1,0,0,1
1961,1,0,1,0
1962,1,1,0,0
1963,1,1,1,0
1964,0,1,0,0
1965,0,1,0,1
1966,1,0,1,0
1967,1,0,1,0
1968,0,1,0,1
1969,1,0,0,1
1970,0,1,1,1
1971,0,1,0,0
1972,0,1,0,1
1973,1,1,0,1
1974,1,0,1,1
1975,1,1,0,1
1976,0,0,1,0
1977,1,1,1,1
1978,0,0,1,1
1979,1,1,1,1
1980,0,1,0,0
1981,0,0,1,1
1982,1,0,0,1
1983,0,0,1,0
1984,1,0,0,0
1985,0,0,1,0
1986,1,1,1,1
1987,1,1,1,1
1988,0,1,1,0
1989,0,0,0,1
1990,1,1,1,0
1991,1,1,0,1
1992,1,0,1,1
1993,0,0,0,1
1994,0,0,1,0
1995,1,1,0,0
1996,0,1,1,1
1997,0,1,0,0
1998,1,0,1,0
1999,1,0,0,0
2000,0,1,0,1
2001,0,0,0,1
2002,0,0,0,1
2003,1,0,1,0
2004,1,0,1,0
2005,1,1,0,0
2006,0,0,1,1
2007,0,1,1,1
2008,0,1,1,1
2009,1,1,0,0
2010,0,1,0,0
2011,1,1,0,0
2012,0,0,0,0
2013,0,1,0,0
2014,1,0,0,0
2015,0,0,1,1
2016,0,0,0,1
2017,1,0,1,1
2018,1,1,1,0
2019,0,1,0,1
2020,1,1,0,0
2021,0,0,0,0
2022,0,1,1,0
2023,0,1,0,1
2024,1,0,0,0
2025,0,0,0,0
2026,0,1,0,0
2027,1,0,1,0
2028,1,1,1,1
2029,0,1,0,0
2030,0,0,1,0
2031,0,1,1,1
2032,1,1,0,0
2033,0,0,1,0
2034,1,0,0,1
2035,1,1,0,1
2036,0,1,1,0
2037,0,1,1,1
2038,1,1,0,0
2039,0,1,1,0
2040,0,0,1,0
2041,0,0,0,1
2042,0,1,0,0
2043,1,1,0,1
2044,0,0,0,1
2045,0,0,1,0
2046,0,0,0,1
2047,0,0,0,1
2048,1,0,1,1
2049,0,1,1,0
2050,0,0,1,0
2051,1,1,1,0
2052,0,0,1,1
2053,0,0,0,1
2054,1,1,0,1
2055,1,0,1,0
2056,0,1,1,1
2057,1,0,0,1
2058,0,1,1,0
2059,1,0,0,1
2060,0,1,1,0
2061,0,1,1,1
2062,0,1,1,0
2063,1,0,1,1
2064,1,0,1,0
2065,1,0,1,0
2066,0,0,1,0
2067,1,0,0,0
2068,1,0,1,0
2069,1,0,1,1
2070,1,1,0,0
2071,1,0,0,0
2072,1,0,1,0
2073,0,0,0,0
2074,1,0,1,0
2075,1,0,1,0
2076,1,1,1,1
2077,1,1,1,1
2078,0,1,0,0
2079,1,1,0,0
2080,1,0,0,1
2081,0,0,0,0
2082,0,0,1,0
2083,0,1,1,0
2084,0,0,0,0
2085,1,0,0,0
2086,1,0,1,1
2087,0,0,0,0
2088,1,0,1,1
2089,0,0,1,0
2090,0,0,1,0
2091,1,0,0,0
2092,1,1,0,0
2093,0,0,1,1
2094,1,0,1,1
2095,0,1,1,0
2096,0,0,1,0
2097,0,1,0,0
2098,0,1,1,1
2099,0,1,0,1
2100,0,0,1,0
2101,1,1,1,0
2102,0,0,0,1
2103,0,1,0,0
2104,0,0,0,1
2105,0,1,0,1
2106,0,1,1,0
2107,0,0,0,1
2108,1,0,1,0
2109,0,1,0,1
2110,1,0,1,1
2111,0,0,0,1
2112,1,1,1,0
2113,0,0,0,1
2114,0,0,1,1
2115,0,1,0,0
2116,0,0,0,0
2117,0,1,1,0
2118,1,0,1,0
2119,0,1,0,0
2120,0,0,0,0
2121,0,1,1,1
2122,0,0,1,0
2123,0,0,0,0
2124,0,0,1,0
2125,1,0,0,0
2126,1,1,1,1
2127,0,0,0,1
2128,0,0,0,0
2129,0,0,0,1
2130,0,0,0,1
2131,0,0,0,1
2132,1,0,1,1
2133,0,1,0,1
2134,0,0,1,0
2135,1,1,0,1
2136,0,0,0,0
2137,1,0,0,1
2138,1,1,0,1
2139,1,1,1,1
2140,1,0,0,0
2141,1,1,1,0
2142,1,0,0,1
2143,0,1,1,0
2144,0,0,0,1
2145,1,1,0,1
2146,1,1,1,1
2147,0,1,0,1
2148,1,1,1,0
2149,0,0,0,0
2150,0,1,1,1
2151,0,0,0,1
2152,1,1,1,1
2153,0,0,0,0
2154,0,0,1,0
2155,0,1,0,1
2156,0,0,1,1
2157,1,1,1,1
2158,0,1,1,1
2159,1,0,1,0
2160,0,1,1,1
2161,1,0,0,1
2162,0,0,1,1
2163,1,0,1,0
2164,1,1,1,0
2165,0,1,1,1
2166,0,0,1,0
2167,0,0,0,0
2168,0,1,1,1
2169,0,1,1,0
